Country,Code,Year,Percentage of graduates from Science and Technology programmes in tertiary education who are female (%)
Afghanistan,AFG,2014,10.63276958
Albania,ALB,2000,29.96845055
Albania,ALB,2003,44.20063019
Albania,ALB,2011,48.06420898
Albania,ALB,2013,52.19855118
Albania,ALB,2014,52.44797897
Algeria,DZA,2007,46.5290184
Algeria,DZA,2009,47.850811
Algeria,DZA,2010,48.80118179
Algeria,DZA,2011,48.77674103
Algeria,DZA,2013,46.86013031
Algeria,DZA,2014,54.36790085
Andorra,AND,2002,30
Andorra,AND,2003,23.52940941
Andorra,AND,2004,11.76471043
Andorra,AND,2005,13.63636017
Andorra,AND,2008,10
Andorra,AND,2012,33.33332825
Andorra,AND,2013,33.33332825
Andorra,AND,2014,25
Angola,AGO,1999,37.5
Angola,AGO,2002,40.625
Angola,AGO,2013,30.49748039
Antigua and Barbuda,ATG,2009,34.21052933
Antigua and Barbuda,ATG,2010,70.58824158
Antigua and Barbuda,ATG,2011,75
Antigua and Barbuda,ATG,2012,33.33332825
Argentina,ARG,2006,44.82588959
Argentina,ARG,2007,47.28139877
Argentina,ARG,2008,43.27199173
Argentina,ARG,2009,44.1858902
Argentina,ARG,2010,43.48072815
Argentina,ARG,2011,75.44944
Argentina,ARG,2012,41.98389816
Argentina,ARG,2013,43.4781189
Armenia,ARM,2010,38.32345963
Armenia,ARM,2014,41.77536011
Aruba,ABW,1999,16.41790962
Aruba,ABW,2000,14.75409985
Aruba,ABW,2001,10.81081009
Aruba,ABW,2002,22.58065033
Aruba,ABW,2003,12.24489975
Aruba,ABW,2004,18.18181992
Aruba,ABW,2005,11.2903204
Aruba,ABW,2007,13.23528957
Aruba,ABW,2008,13.23528957
Aruba,ABW,2009,17.85713959
Aruba,ABW,2010,7.547170162
Aruba,ABW,2011,14.89361954
Aruba,ABW,2012,19.69696999
Australia,AUS,1999,32.88138962
Australia,AUS,2000,32.90851974
Australia,AUS,2001,30.58608055
Australia,AUS,2002,30.80875969
Australia,AUS,2003,30.45239067
Australia,AUS,2005,31.33731079
Australia,AUS,2006,30.09810066
Australia,AUS,2007,30.95767975
Australia,AUS,2008,30.32085991
Australia,AUS,2009,29.97890091
Australia,AUS,2010,29.32242012
Australia,AUS,2011,29.10416985
Australia,AUS,2012,
Australia,AUS,2013,
Australia,AUS,2014,29.76535988
Austria,AUT,2000,19.93071938
Austria,AUT,2001,21.00229073
Austria,AUT,2003,21.07807922
Austria,AUT,2004,22.55809021
Austria,AUT,2005,23.33102036
Austria,AUT,2007,23.83415031
Austria,AUT,2008,24.22738075
Austria,AUT,2009,24.10560036
Austria,AUT,2010,23.48900986
Austria,AUT,2011,25.14536095
Austria,AUT,2012,25.54019928
Austria,AUT,2013,25.1464901
Austria,AUT,2014,25.48241043
Azerbaijan,AZE,2008,40.60779953
Azerbaijan,AZE,2009,40.0952301
Azerbaijan,AZE,2010,42.73070908
Azerbaijan,AZE,2011,43.47826004
Azerbaijan,AZE,2012,42.05693054
Azerbaijan,AZE,2013,35.75722885
Azerbaijan,AZE,2014,30.69940948
Bahrain,BHR,2003,50
Bahrain,BHR,2005,53.78548813
Bahrain,BHR,2006,45.93022919
Bahrain,BHR,2014,42.56560135
Bangladesh,BGD,2002,28.55920982
Bangladesh,BGD,2003,23.74571037
Bangladesh,BGD,2012,36.40341949
Bangladesh,BGD,2014,36.49734116
Barbados,BRB,2007,53.55450058
Barbados,BRB,2010,53.03030014
Barbados,BRB,2011,40.50278854
Belarus,BLR,2010,18.62027931
Belarus,BLR,2011,33.37253189
Belarus,BLR,2012,32.52256012
Belarus,BLR,2013,31.76926994
Belarus,BLR,2014,30.77820015
Belgium,BEL,2000,24.97097015
Belgium,BEL,2001,23.89908981
Belgium,BEL,2002,24.62343979
Belgium,BEL,2006,26.49035072
Belgium,BEL,2008,25.87194061
Belgium,BEL,2009,27.15064049
Belgium,BEL,2010,23.99468994
Belgium,BEL,2011,24.67240906
Belgium,BEL,2012,24.20002937
Belgium,BEL,2013,24.54634094
Belgium,BEL,2014,
Benin,BEN,1999,20.04830933
Benin,BEN,2009,19.15052032
Benin,BEN,2010,17.52136993
Benin,BEN,2011,19.16902924
Bermuda,BMU,2001,26.66666985
Bermuda,BMU,2005,38.88888931
Bermuda,BMU,2007,18.91892052
Bermuda,BMU,2009,24.2424202
Bermuda,BMU,2010,38.09524155
Bermuda,BMU,2011,39.13042831
Bermuda,BMU,2012,25.71429062
Bermuda,BMU,2014,100
Bhutan,BTN,2013,24.94278908
Bosnia and Herzegovina,BIH,2013,41.57022095
Bosnia and Herzegovina,BIH,2014,42.08763885
Brazil,BRA,2001,37.93598175
Brazil,BRA,2002,37.39284897
Brazil,BRA,2003,37.12012863
Brazil,BRA,2004,36.38819122
Brazil,BRA,2005,35.29896927
Brazil,BRA,2007,32.68527985
Brazil,BRA,2008,33.53388977
Brazil,BRA,2009,31.59012032
Brazil,BRA,2010,29.2876606
Brazil,BRA,2011,30.4491291
Brazil,BRA,2012,31.0992794
Brazil,BRA,2014,33.83197021
Brunei,BRN,1999,52.30768967
Brunei,BRN,2000,48.83721161
Brunei,BRN,2001,42.74808884
Brunei,BRN,2003,48.4375
Brunei,BRN,2004,42.40505981
Brunei,BRN,2005,44.19889832
Brunei,BRN,2006,62.33766174
Brunei,BRN,2007,39.13042831
Brunei,BRN,2008,49.13793182
Brunei,BRN,2009,50.39369965
Brunei,BRN,2010,41.6893692
Brunei,BRN,2011,50.53190994
Brunei,BRN,2012,49.43503189
Brunei,BRN,2013,52.66989899
Brunei,BRN,2014,50.84408951
Bulgaria,BGR,1999,46.01004028
Bulgaria,BGR,2000,45.62902069
Bulgaria,BGR,2001,40.13381958
Bulgaria,BGR,2002,39.66801071
Bulgaria,BGR,2003,42.12673187
Bulgaria,BGR,2004,41.67615891
Bulgaria,BGR,2005,41.13592148
Bulgaria,BGR,2007,41.24776077
Bulgaria,BGR,2008,36.95608139
Bulgaria,BGR,2009,37.40106964
Bulgaria,BGR,2010,38.81529999
Bulgaria,BGR,2011,38.75511932
Bulgaria,BGR,2012,37.63291168
Bulgaria,BGR,2013,38.3217392
Bulgaria,BGR,2014,37.16563034
Burkina Faso,BFA,2011,15.16534042
Burkina Faso,BFA,2012,18.75258064
Burkina Faso,BFA,2013,19.68254089
Burundi,BDI,2004,9.909910202
Burundi,BDI,2010,35.20598984
Burundi,BDI,2011,19.55484962
Burundi,BDI,2012,33.5
Cambodia,KHM,2000,25
Cambodia,KHM,2001,21.68284988
Cambodia,KHM,2002,18.12227058
Cambodia,KHM,2004,12.05519009
Cambodia,KHM,2007,11.35964966
Cambodia,KHM,2008,9.63105011
Canada,CAN,1998,29.7854805
Canada,CAN,1999,30.59884071
Canada,CAN,2002,31.60267067
Canada,CAN,2010,
Canada,CAN,2011,
Canada,CAN,2012,
Canada,CAN,2013,
Canada,CAN,2014,
Cayman Islands,CYM,2006,53.84614944
Cayman Islands,CYM,2007,15
Cayman Islands,CYM,2008,32.9113884
Chad,TCD,2000,4.08163023
Chile,CHL,2003,24.26053047
Chile,CHL,2004,24.78561974
Chile,CHL,2006,25.74101067
Chile,CHL,2007,22.02601051
Chile,CHL,2008,22.52326965
Chile,CHL,2009,20.72534943
Chile,CHL,2010,19.49593925
Chile,CHL,2011,
Chile,CHL,2012,19.32814026
Chile,CHL,2013,
Chile,CHL,2014,18.2441597
Colombia,COL,2002,36.78437042
Colombia,COL,2004,38.00915909
Colombia,COL,2005,36.78459167
Colombia,COL,2006,36.55031967
Colombia,COL,2007,37.66849136
Colombia,COL,2008,26.67935944
Colombia,COL,2009,36.84589005
Colombia,COL,2010,
Colombia,COL,2011,34.28125
Colombia,COL,2012,33.8652916
Colombia,COL,2013,33.99571991
Colombia,COL,2014,33.71184921
Comoros,COM,1999,36
Costa Rica,CRI,2001,31.70731926
Costa Rica,CRI,2002,29.64839935
Costa Rica,CRI,2007,31.20019913
Costa Rica,CRI,2010,28.65000916
Costa Rica,CRI,2011,31.60967064
Costa Rica,CRI,2013,32.18143082
Costa Rica,CRI,2014,33.95294952
Croatia,HRV,1999,33.95246887
Croatia,HRV,2001,38.53792953
Croatia,HRV,2002,35.98450851
Croatia,HRV,2003,34.78387833
Croatia,HRV,2005,32.73299026
Croatia,HRV,2006,35.26544189
Croatia,HRV,2007,34.94208145
Croatia,HRV,2008,33.17650986
Croatia,HRV,2009,34.0414505
Croatia,HRV,2010,37.59606171
Croatia,HRV,2012,34.55828094
Cuba,CUB,2012,39.91672134
Cuba,CUB,2013,39.12419128
Cyprus,CYP,1999,38.73625946
Cyprus,CYP,2002,35.38874054
Cyprus,CYP,2003,27.63818932
Cyprus,CYP,2004,37.12445831
Cyprus,CYP,2006,35.94041061
Cyprus,CYP,2007,31.51184082
Cyprus,CYP,2008,37.40602112
Cyprus,CYP,2009,36.99515152
Cyprus,CYP,2010,39.28570938
Cyprus,CYP,2011,32.90890884
Cyprus,CYP,2012,48.67924881
Cyprus,CYP,2013,38.58921051
Cyprus,CYP,2014,38.04347992
Czechia,CZE,1999,25.38351059
Czechia,CZE,2000,26.95019913
Czechia,CZE,2001,27.12289047
Czechia,CZE,2002,28.62083054
Czechia,CZE,2003,29.26898003
Czechia,CZE,2004,29.37056923
Czechia,CZE,2005,27.37770081
Czechia,CZE,2006,26.48130035
Czechia,CZE,2007,29.27652931
Czechia,CZE,2008,30.05314064
Czechia,CZE,2009,30.98744965
Czechia,CZE,2010,29.79943085
Czechia,CZE,2011,32.03683853
Czechia,CZE,2012,32.37440872
Czechia,CZE,2013,32.75289917
Czechia,CZE,2014,32.64995956
Denmark,DNK,1999,30.5017395
Denmark,DNK,2000,31.97732925
Denmark,DNK,2001,28.54777908
Denmark,DNK,2002,28.52055931
Denmark,DNK,2003,30.28936958
Denmark,DNK,2004,32.27478027
Denmark,DNK,2005,33.93027878
Denmark,DNK,2006,34.09907913
Denmark,DNK,2007,35.97476959
Denmark,DNK,2008,36.37963104
Denmark,DNK,2009,36.49792862
Denmark,DNK,2010,36.69908142
Denmark,DNK,2011,37.92359924
Denmark,DNK,2012,37.24924088
Denmark,DNK,2013,35.33712006
Denmark,DNK,2014,36.01710129
Dominican Republic,DOM,2012,34.97848129
Dominican Republic,DOM,2014,40.19034958
Ecuador,ECU,2007,35.12593842
Ecuador,ECU,2008,31.89454079
Ecuador,ECU,2012,29.68829918
Ecuador,ECU,2013,26.13368988
Egypt,EGY,2013,33.99860001
Egypt,EGY,2014,37.36547852
El Salvador,SLV,2002,32.91781998
El Salvador,SLV,2003,34.72834015
El Salvador,SLV,2005,34.30947876
El Salvador,SLV,2006,32.53221893
El Salvador,SLV,2007,34.3539505
El Salvador,SLV,2008,34.21472931
El Salvador,SLV,2009,31.20054054
El Salvador,SLV,2010,31.17373085
El Salvador,SLV,2011,29.56484985
El Salvador,SLV,2012,28.61123085
El Salvador,SLV,2013,28.09523964
El Salvador,SLV,2014,24.81648064
Eritrea,ERI,1999,9.41176033
Eritrea,ERI,2000,8.08823967
Eritrea,ERI,2002,3.191489935
Eritrea,ERI,2003,8.787879944
Eritrea,ERI,2004,7.98319006
Eritrea,ERI,2014,20.90628052
Estonia,EST,1999,34.00672913
Estonia,EST,2000,35.40885162
Estonia,EST,2001,33.35750961
Estonia,EST,2002,39.90460968
Estonia,EST,2003,42.54438019
Estonia,EST,2004,40.62319946
Estonia,EST,2005,43.54027176
Estonia,EST,2006,42.85713959
Estonia,EST,2007,38.67216873
Estonia,EST,2008,42.06008911
Estonia,EST,2009,39.75740814
Estonia,EST,2010,39.00468063
Estonia,EST,2011,37.75099945
Estonia,EST,2012,36.16601181
Estonia,EST,2014,38.6014595
Eswatini,SWZ,1999,51.02040863
Eswatini,SWZ,2000,53.06121826
Eswatini,SWZ,2001,48.97959137
Eswatini,SWZ,2002,37.77777863
Eswatini,SWZ,2004,43.33332825
Eswatini,SWZ,2005,50.79365158
Eswatini,SWZ,2006,30
Eswatini,SWZ,2013,26.47753906
Ethiopia,ETH,1999,10.97344971
Ethiopia,ETH,2000,7.817590237
Ethiopia,ETH,2002,11.24291039
Ethiopia,ETH,2003,12.05733967
Ethiopia,ETH,2004,14.97863007
Ethiopia,ETH,2005,10.76004982
Ethiopia,ETH,2008,16.37801933
Ethiopia,ETH,2010,17.32011986
Finland,FIN,1998,24.02475929
Finland,FIN,1999,25.11973953
Finland,FIN,2000,27.30602074
Finland,FIN,2001,26.77325058
Finland,FIN,2002,27.6328907
Finland,FIN,2003,30.01110077
Finland,FIN,2004,29.70767975
Finland,FIN,2006,28.46445084
Finland,FIN,2007,28.92959976
Finland,FIN,2009,29.05672073
Finland,FIN,2010,27.59066963
Finland,FIN,2011,28.80761909
Finland,FIN,2012,27.8205204
Finland,FIN,2013,27.04744911
Finland,FIN,2014,26.94033051
France,FRA,1999,31.19021988
France,FRA,2000,30.29932976
France,FRA,2002,29.65814972
France,FRA,2003,30.26988029
France,FRA,2004,28.35318947
France,FRA,2005,27.93626976
France,FRA,2006,28.12978935
France,FRA,2007,28.22190094
France,FRA,2008,28.54039955
France,FRA,2009,29.09185028
France,FRA,2010,
France,FRA,2011,
France,FRA,2012,29.84284973
France,FRA,2013,30.31476974
France,FRA,2014,30.34794998
Gambia,GMB,2004,8.510640144
Gambia,GMB,2011,49.78873062
Gambia,GMB,2012,45.65711975
Georgia,GEO,1999,39.86214828
Georgia,GEO,2000,42.34672928
Georgia,GEO,2001,41.24433899
Georgia,GEO,2002,38.71889114
Georgia,GEO,2003,39.82537079
Georgia,GEO,2004,37.85300827
Georgia,GEO,2006,38.22700882
Georgia,GEO,2007,34.55950165
Georgia,GEO,2010,40.49158859
Georgia,GEO,2012,42.1109314
Georgia,GEO,2013,38.33237076
Georgia,GEO,2014,42.73553848
Germany,DEU,1999,20.87360954
Germany,DEU,2000,21.60909081
Germany,DEU,2001,22.33054924
Germany,DEU,2002,23.03841019
Germany,DEU,2010,
Germany,DEU,2011,
Germany,DEU,2012,
Germany,DEU,2013,
Germany,DEU,2014,27.19964981
Ghana,GHA,2012,17.05979919
Ghana,GHA,2013,23.42740059
Ghana,GHA,2014,22.23656082
Greece,GRC,2004,40.47583008
Greece,GRC,2005,40.90045929
Greece,GRC,2007,44.19406891
Greece,GRC,2008,41.88394165
Greece,GRC,2010,39.52138901
Greece,GRC,2011,38.87726974
Greece,GRC,2012,37.98453903
Greece,GRC,2013,
Greece,GRC,2014,
Guatemala,GTM,2002,31.91489029
Guatemala,GTM,2007,33.79175186
Guyana,GUY,2004,30.25209999
Guyana,GUY,2005,26.33745003
Guyana,GUY,2006,33.65385056
Guyana,GUY,2007,35.11111069
Guyana,GUY,2008,28.89908028
Guyana,GUY,2009,29.66506958
Guyana,GUY,2010,24.57626915
Guyana,GUY,2011,22.45763016
Guyana,GUY,2012,25.10120964
Honduras,HND,2003,47.97008896
Honduras,HND,2012,39.18334961
Honduras,HND,2013,37.11724854
Honduras,HND,2014,39.66912079
Hong Kong,HKG,2003,25.47595978
Hong Kong,HKG,2004,25.67840004
Hong Kong,HKG,2005,25.53406906
Hong Kong,HKG,2006,25.24224091
Hungary,HUN,1999,24.57439041
Hungary,HUN,2000,22.64203072
Hungary,HUN,2001,28.96492958
Hungary,HUN,2002,27.83439064
Hungary,HUN,2003,26.89575005
Hungary,HUN,2004,28.35988998
Hungary,HUN,2005,29.98089981
Hungary,HUN,2006,27.8581295
Hungary,HUN,2008,25.68925095
Hungary,HUN,2009,28.7173996
Hungary,HUN,2010,29.17827034
Hungary,HUN,2011,27.13755035
Hungary,HUN,2012,27.82336998
Hungary,HUN,2013,
Hungary,HUN,2014,29.09494972
Iceland,ISL,1999,35.40856171
Iceland,ISL,2000,37.89173889
Iceland,ISL,2001,35.62340927
Iceland,ISL,2002,33.33332825
Iceland,ISL,2003,35.85366058
Iceland,ISL,2004,38.12636185
Iceland,ISL,2005,37.20930099
Iceland,ISL,2006,39.38776016
Iceland,ISL,2007,34.21052933
Iceland,ISL,2008,35.0305481
Iceland,ISL,2009,36.72655106
Iceland,ISL,2010,43.30218124
Iceland,ISL,2011,
Iceland,ISL,2012,35.19021988
Iceland,ISL,2013,
Iceland,ISL,2014,
India,IND,2013,42.07828903
Indonesia,IDN,2014,37.01564026
Iran,IRN,2004,29.72689056
Iran,IRN,2005,37.090271
Iran,IRN,2006,33.74367905
Iran,IRN,2007,37.090271
Iran,IRN,2009,38.05747986
Iran,IRN,2011,28.37537003
Iran,IRN,2012,26.90139008
Iran,IRN,2013,32.04804993
Iran,IRN,2014,31.97934914
Iraq,IRQ,2004,16.26728058
Ireland,IRL,1998,34.96332932
Ireland,IRL,1999,38.63800812
Ireland,IRL,2000,37.90768051
Ireland,IRL,2001,36.35845947
Ireland,IRL,2002,35.46234894
Ireland,IRL,2003,34.67353058
Ireland,IRL,2004,31.2618103
Ireland,IRL,2005,30.46685028
Ireland,IRL,2006,29.13109016
Ireland,IRL,2007,31.25312996
Ireland,IRL,2008,30.38096046
Ireland,IRL,2009,30.73724937
Ireland,IRL,2010,28.71795082
Ireland,IRL,2011,
Ireland,IRL,2012,28.6104908
Ireland,IRL,2013,
Ireland,IRL,2014,
Israel,ISR,1999,29.2340107
Israel,ISR,2000,30.90781975
Israel,ISR,2010,
Israel,ISR,2011,
Israel,ISR,2012,
Israel,ISR,2013,
Israel,ISR,2014,
Italy,ITA,1998,37.83628845
Italy,ITA,1999,37.1117897
Italy,ITA,2000,36.56148911
Italy,ITA,2001,36.32046127
Italy,ITA,2002,35.71883011
Italy,ITA,2003,35.72711182
Italy,ITA,2004,36.38928986
Italy,ITA,2005,37.10121155
Italy,ITA,2006,37.57460022
Italy,ITA,2007,38.08533096
Italy,ITA,2008,39.0282402
Italy,ITA,2010,
Italy,ITA,2011,39.98741913
Italy,ITA,2012,45.17876053
Italy,ITA,2013,
Italy,ITA,2014,
Japan,JPN,1998,12.17395973
Japan,JPN,1999,12.61727047
Japan,JPN,2000,12.92644024
Japan,JPN,2001,13.78316975
Japan,JPN,2002,14.16071987
Japan,JPN,2003,14.42634964
Japan,JPN,2004,14.60828018
Japan,JPN,2005,14.66950035
Japan,JPN,2006,14.61911011
Japan,JPN,2007,14.36408043
Japan,JPN,2008,14.18628025
Japan,JPN,2009,14.1137104
Japan,JPN,2010,14.34784031
Japan,JPN,2011,14.54979992
Japan,JPN,2012,14.36723995
Japan,JPN,2013,14.58728027
Japan,JPN,2014,14.6686697
Jordan,JOR,2004,37.28865814
Jordan,JOR,2005,34.71697998
Jordan,JOR,2007,40.27632904
Jordan,JOR,2011,44.62335968
Kazakhstan,KAZ,2013,33.98987961
Kazakhstan,KAZ,2014,30.99604034
Kazakhstan,KAZ,2015,32.38766098
Kenya,KEN,2000,19.75575066
Kenya,KEN,2001,18.55302048
Kuwait,KWT,2013,28.1764698
Kyrgyzstan,KGZ,1999,50.46361923
Kyrgyzstan,KGZ,2001,45.3190918
Kyrgyzstan,KGZ,2002,50.13798904
Kyrgyzstan,KGZ,2003,44.06230164
Kyrgyzstan,KGZ,2004,45.44095993
Kyrgyzstan,KGZ,2005,56.89350128
Kyrgyzstan,KGZ,2006,44.21358109
Kyrgyzstan,KGZ,2007,40.24842072
Kyrgyzstan,KGZ,2008,42.40254974
Kyrgyzstan,KGZ,2009,42.43415833
Kyrgyzstan,KGZ,2010,41.37981033
Kyrgyzstan,KGZ,2011,39.14347076
Kyrgyzstan,KGZ,2012,41.69013977
Kyrgyzstan,KGZ,2013,33.05379868
Laos,LAO,1999,20.05141068
Laos,LAO,2000,12.23880959
Laos,LAO,2001,15.60284042
Laos,LAO,2004,21.31661034
Laos,LAO,2005,13.21909046
Laos,LAO,2006,14.72457981
Laos,LAO,2009,15.96922016
Laos,LAO,2011,18.5280304
Laos,LAO,2012,17.42749977
Laos,LAO,2013,19.98180962
Laos,LAO,2014,24.23913002
Latvia,LVA,1999,36.18824005
Latvia,LVA,2000,31.38625908
Latvia,LVA,2001,41.1645813
Latvia,LVA,2002,39.16189957
Latvia,LVA,2003,37.80007172
Latvia,LVA,2004,32.74364853
Latvia,LVA,2005,32.80487823
Latvia,LVA,2006,32.42705917
Latvia,LVA,2007,32.69781113
Latvia,LVA,2008,32.20006943
Latvia,LVA,2009,31.81818008
Latvia,LVA,2010,31.5443306
Latvia,LVA,2011,29.02564049
Latvia,LVA,2012,30.08937073
Latvia,LVA,2013,30.75729942
Latvia,LVA,2014,31.55201912
Lebanon,LBN,2000,31.68778992
Lebanon,LBN,2001,32.15417099
Lebanon,LBN,2002,31.96846008
Lebanon,LBN,2004,38.03575134
Lebanon,LBN,2005,29.21726036
Lebanon,LBN,2006,33.32246017
Lebanon,LBN,2007,34.81998825
Lebanon,LBN,2008,37.2240181
Lebanon,LBN,2009,43.75498962
Lebanon,LBN,2010,42.91339111
Lebanon,LBN,2011,43.17380142
Lesotho,LSO,2012,30.33292007
Lesotho,LSO,2013,37.93103027
Lesotho,LSO,2014,31.58844948
Liberia,LBR,2000,64.40061951
Liberia,LBR,2010,22.84643936
Liberia,LBR,2012,35.22013092
Liechtenstein,LIE,2003,36
Liechtenstein,LIE,2004,50
Liechtenstein,LIE,2006,19.56521988
Liechtenstein,LIE,2007,30.43478012
Liechtenstein,LIE,2008,25.80644989
Liechtenstein,LIE,2009,25.80644989
Liechtenstein,LIE,2010,62.16215897
Liechtenstein,LIE,2011,44.44443893
Liechtenstein,LIE,2012,40.67797089
Liechtenstein,LIE,2014,51.06383133
Lithuania,LTU,1999,37.88267136
Lithuania,LTU,2000,35.90798187
Lithuania,LTU,2001,35.65835953
Lithuania,LTU,2002,36.87255859
Lithuania,LTU,2003,35.74760056
Lithuania,LTU,2004,35.64226151
Lithuania,LTU,2005,35.17493057
Lithuania,LTU,2006,31.56669998
Lithuania,LTU,2007,32.47652817
Lithuania,LTU,2008,33.45246887
Lithuania,LTU,2009,30.30981064
Lithuania,LTU,2010,28.7003994
Lithuania,LTU,2011,28.81665039
Lithuania,LTU,2012,27.24267006
Lithuania,LTU,2013,26.68042946
Lithuania,LTU,2014,
Luxembourg,LUX,2008,48.18181992
Luxembourg,LUX,2010,
Luxembourg,LUX,2011,
Luxembourg,LUX,2012,41.05263138
Luxembourg,LUX,2013,31.37254906
Luxembourg,LUX,2014,27.62645912
Macao,MAC,2005,18.80878067
Macao,MAC,2006,13.75839043
Macao,MAC,2007,17.03704071
Macao,MAC,2008,10.90225983
Macao,MAC,2009,16.15119934
Macao,MAC,2010,15.47618961
Macao,MAC,2011,15.92039967
Macao,MAC,2012,14.63414955
Macao,MAC,2013,17.71772003
Macao,MAC,2014,19.85112
Madagascar,MDG,2005,31.63462067
Madagascar,MDG,2006,35.01850128
Madagascar,MDG,2007,33.16601181
Madagascar,MDG,2008,30.56488991
Madagascar,MDG,2009,28.28344917
Madagascar,MDG,2010,30.29986
Madagascar,MDG,2013,28.22565079
Malaysia,MYS,2004,42.72360992
Malaysia,MYS,2006,45.68444824
Malaysia,MYS,2007,42.17798996
Malaysia,MYS,2008,41.81922913
Malaysia,MYS,2009,41.70631027
Malaysia,MYS,2010,42.18386841
Malaysia,MYS,2011,42.08964157
Malaysia,MYS,2012,45.87900925
Malaysia,MYS,2013,44.88422012
Malaysia,MYS,2014,43.12147141
Malta,MLT,2000,20.58823967
Malta,MLT,2001,26.34408951
Malta,MLT,2002,25.64102936
Malta,MLT,2003,26.37363052
Malta,MLT,2004,30.66037941
Malta,MLT,2005,30.09708977
Malta,MLT,2006,25.92593002
Malta,MLT,2007,37.76721954
Malta,MLT,2008,28.41226006
Malta,MLT,2009,30.6074791
Malta,MLT,2010,32.25151825
Malta,MLT,2011,30.72702026
Malta,MLT,2012,24.9244709
Mauritania,MRT,2015,33.54922104
Mauritius,MUS,2014,40.88441086
Mexico,MEX,2000,31.38614082
Mexico,MEX,2001,32.12704086
Mexico,MEX,2002,32.91511154
Mexico,MEX,2003,34.32789993
Mexico,MEX,2005,33.28253174
Mexico,MEX,2006,33.8921814
Mexico,MEX,2007,33.59735107
Mexico,MEX,2008,33.85665131
Mexico,MEX,2009,33.38927841
Mexico,MEX,2010,33.01015854
Mexico,MEX,2011,32.37514114
Mexico,MEX,2012,32.00807953
Mexico,MEX,2013,
Mexico,MEX,2014,
Moldova,MDA,2013,34.26018906
Mongolia,MNG,1999,51.26371002
Mongolia,MNG,2000,49.4928093
Mongolia,MNG,2001,49.7674408
Mongolia,MNG,2002,51.5250206
Mongolia,MNG,2003,51.22584152
Mongolia,MNG,2004,51.12443924
Mongolia,MNG,2005,51.40880966
Mongolia,MNG,2006,47.73469925
Mongolia,MNG,2007,47.14445877
Mongolia,MNG,2008,47.85951996
Mongolia,MNG,2009,44.60176849
Mongolia,MNG,2010,42.52814865
Mongolia,MNG,2011,40.83121872
Mongolia,MNG,2013,40.71969986
Mongolia,MNG,2014,40.39131927
Morocco,MAR,2001,28.13546944
Morocco,MAR,2007,20.17118073
Morocco,MAR,2008,16.83247948
Morocco,MAR,2009,36.73889923
Morocco,MAR,2010,38.44699097
Mozambique,MOZ,2004,22.90249062
Mozambique,MOZ,2005,13.21185017
Mozambique,MOZ,2008,21.10817909
Mozambique,MOZ,2009,21.00839996
Mozambique,MOZ,2010,23.39089012
Mozambique,MOZ,2011,20.20088959
Mozambique,MOZ,2012,27.38167
Mozambique,MOZ,2013,34.8408699
Mozambique,MOZ,2014,26.02996063
Myanmar,MMR,2011,66.23117065
Myanmar,MMR,2012,64.85590363
Namibia,NAM,2001,34.69387817
Namibia,NAM,2003,35.2458992
Namibia,NAM,2005,40.86022186
Namibia,NAM,2006,33.1658287
Namibia,NAM,2008,38.35615921
Nepal,NPL,2013,23.05220985
Netherlands,NLD,1999,17.10371971
Netherlands,NLD,2000,17.6475296
Netherlands,NLD,2001,17.38787079
Netherlands,NLD,2002,17.84054947
Netherlands,NLD,2003,18.41292
Netherlands,NLD,2004,19.50391006
Netherlands,NLD,2005,20.32146072
Netherlands,NLD,2006,18.41777039
Netherlands,NLD,2007,18.88043976
Netherlands,NLD,2008,18.89246941
Netherlands,NLD,2009,19.79283905
Netherlands,NLD,2010,20.81841087
Netherlands,NLD,2011,22.23447037
Netherlands,NLD,2012,22.99991035
Netherlands,NLD,2013,
Netherlands,NLD,2014,
New Zealand,NZL,1998,40.21865082
New Zealand,NZL,1999,41.25442886
New Zealand,NZL,2000,39.81272125
New Zealand,NZL,2001,38.45058823
New Zealand,NZL,2002,36.75294876
New Zealand,NZL,2003,35.70240021
New Zealand,NZL,2004,35.95315933
New Zealand,NZL,2005,35.4473381
New Zealand,NZL,2006,35.79858017
New Zealand,NZL,2007,36.20175171
New Zealand,NZL,2008,37.70640945
New Zealand,NZL,2009,35.13470078
New Zealand,NZL,2010,35.44018173
New Zealand,NZL,2011,35.88513184
New Zealand,NZL,2012,35.01023865
New Zealand,NZL,2013,
New Zealand,NZL,2014,
Niger,NER,2001,7.692309856
North Macedonia,MKD,1999,41.96982956
North Macedonia,MKD,2000,41.59592819
North Macedonia,MKD,2001,41.39302826
North Macedonia,MKD,2002,44.06438828
North Macedonia,MKD,2003,41.10371017
North Macedonia,MKD,2004,45.20201874
North Macedonia,MKD,2005,46.91646957
North Macedonia,MKD,2006,45.96363831
North Macedonia,MKD,2007,39.77119827
North Macedonia,MKD,2008,42.79938889
North Macedonia,MKD,2009,41.67026901
North Macedonia,MKD,2010,39.44470978
North Macedonia,MKD,2011,37.59899902
North Macedonia,MKD,2012,38.58813095
North Macedonia,MKD,2013,38.39138031
Norway,NOR,1999,25.47401047
Norway,NOR,2000,26.83686066
Norway,NOR,2001,25.30517006
Norway,NOR,2002,27.09889984
Norway,NOR,2003,27.11392021
Norway,NOR,2004,24.46703911
Norway,NOR,2005,26.04825974
Norway,NOR,2007,28.61194992
Norway,NOR,2008,29.62063026
Norway,NOR,2009,30.14870071
Norway,NOR,2010,30.86705017
Norway,NOR,2011,29.77783966
Norway,NOR,2012,30.55838966
Norway,NOR,2013,25.70214081
Norway,NOR,2014,24.61372948
Oman,OMN,2007,44.06175995
Oman,OMN,2009,45.86331177
Oman,OMN,2010,49.58863068
Palau,PLW,2013,14.28571033
Palestine,PSE,1999,43.26985931
Palestine,PSE,2000,44.67253113
Palestine,PSE,2001,43.78895187
Palestine,PSE,2003,45.26528168
Palestine,PSE,2004,47.81784058
Palestine,PSE,2007,41.64847183
Palestine,PSE,2008,42.62752914
Palestine,PSE,2009,43.12945175
Palestine,PSE,2010,43.70236969
Palestine,PSE,2011,44.38874054
Palestine,PSE,2012,45.01625824
Palestine,PSE,2013,45.53538132
Palestine,PSE,2014,44.82022858
Panama,PAN,2002,40.21199036
Panama,PAN,2003,18.77363968
Panama,PAN,2004,44.79005051
Panama,PAN,2005,44.55414963
Panama,PAN,2006,41.82939148
Panama,PAN,2007,40.27106094
Panama,PAN,2008,40.75547028
Panama,PAN,2009,40.7088089
Panama,PAN,2010,39.00642014
Panama,PAN,2011,56.47901917
Panama,PAN,2012,41.71411896
Panama,PAN,2013,41.7419014
Philippines,PHL,2003,46.89202881
Philippines,PHL,2004,40.41423035
Philippines,PHL,2010,39.00654984
Philippines,PHL,2011,41.68621826
Philippines,PHL,2012,39.68925095
Philippines,PHL,2013,42.42148972
Philippines,PHL,2014,42.05302811
Poland,POL,2005,36.60478973
Poland,POL,2006,39.15655899
Poland,POL,2007,39.15908051
Poland,POL,2008,40.32025909
Poland,POL,2009,38.15148163
Poland,POL,2010,38.55823898
Poland,POL,2011,38.12097931
Poland,POL,2012,39.9247818
Poland,POL,2013,41.14559174
Poland,POL,2014,41.81822968
Portugal,PRT,2000,38.03895187
Portugal,PRT,2002,41.00460815
Portugal,PRT,2003,41.54626083
Portugal,PRT,2004,41.0454216
Portugal,PRT,2005,39.93901825
Portugal,PRT,2006,39.66851044
Portugal,PRT,2007,34.78604126
Portugal,PRT,2008,34.09206009
Portugal,PRT,2009,34.45032883
Portugal,PRT,2010,37.02111816
Portugal,PRT,2011,37.93199921
Portugal,PRT,2012,38.51634979
Portugal,PRT,2013,39.55236053
Portugal,PRT,2014,39.850811
Puerto Rico,PRI,2008,28.16607094
Puerto Rico,PRI,2009,37.63167953
Puerto Rico,PRI,2011,37.41149139
Puerto Rico,PRI,2012,37.44485092
Puerto Rico,PRI,2013,43.81401825
Qatar,QAT,2000,73.86759949
Qatar,QAT,2001,51.86566925
Qatar,QAT,2002,45.67308044
Qatar,QAT,2003,47.36841965
Qatar,QAT,2007,57.74647903
Qatar,QAT,2008,53.86473083
Qatar,QAT,2009,48.51190186
Qatar,QAT,2010,43.73402023
Qatar,QAT,2011,25.07987022
Qatar,QAT,2012,31.01362038
Qatar,QAT,2013,33.97914124
Qatar,QAT,2014,38.1355896
Romania,ROU,1999,32.09495926
Romania,ROU,2000,35.09429932
Romania,ROU,2001,35.61122131
Romania,ROU,2002,36.55456161
Romania,ROU,2004,38.53403091
Romania,ROU,2005,39.96881104
Romania,ROU,2006,38.62248993
Romania,ROU,2007,40.04159164
Romania,ROU,2008,43.10066986
Romania,ROU,2009,36.33652115
Romania,ROU,2010,39.71643066
Romania,ROU,2011,42.47866821
Romania,ROU,2012,40.84152985
Romania,ROU,2013,40.38544846
Romania,ROU,2014,40.76665115
Rwanda,RWA,2012,30.00278091
Samoa,WSM,1998,36.36363983
Samoa,WSM,1999,36.70885849
Samoa,WSM,2000,24
Saudi Arabia,SAU,1998,21.07723999
Saudi Arabia,SAU,1999,35.73410034
Saudi Arabia,SAU,2000,21.15263939
Saudi Arabia,SAU,2002,17.80598068
Saudi Arabia,SAU,2003,16.09654045
Saudi Arabia,SAU,2004,39.2315712
Saudi Arabia,SAU,2005,40.27666855
Saudi Arabia,SAU,2006,49.37202072
Saudi Arabia,SAU,2007,57.88233948
Saudi Arabia,SAU,2008,57.47286987
Saudi Arabia,SAU,2009,57.49605179
Saudi Arabia,SAU,2010,38.00926971
Saudi Arabia,SAU,2011,36.87493896
Saudi Arabia,SAU,2012,39.75970078
Saudi Arabia,SAU,2013,38.92535019
Saudi Arabia,SAU,2014,38.82661819
Serbia,SRB,2007,42.4024086
Serbia,SRB,2008,42.35639954
Serbia,SRB,2009,42.05812073
Serbia,SRB,2010,41.27183914
Serbia,SRB,2011,39.15824127
Serbia,SRB,2012,37.27936172
Serbia,SRB,2013,39.41091156
Serbia,SRB,2014,39.1651001
Seychelles,SYC,2011,26.66666985
Seychelles,SYC,2014,34.28570938
Sierra Leone,SLE,2000,61.11111069
Slovakia,SVK,1999,28.26910019
Slovakia,SVK,2000,30.05290985
Slovakia,SVK,2001,32.43724823
Slovakia,SVK,2002,33.54919815
Slovakia,SVK,2003,34.40552139
Slovakia,SVK,2004,35.27550125
Slovakia,SVK,2005,35.3116684
Slovakia,SVK,2006,34.77021027
Slovakia,SVK,2007,35.41646957
Slovakia,SVK,2008,36.84833908
Slovakia,SVK,2009,35.05598831
Slovakia,SVK,2010,35.76660919
Slovakia,SVK,2011,35.05849838
Slovakia,SVK,2012,35.62855911
Slovakia,SVK,2013,36.20161819
Slovakia,SVK,2014,
Slovenia,SVN,1999,22.70314026
Slovenia,SVN,2001,24.21875
Slovenia,SVN,2002,24.57864952
Slovenia,SVN,2003,25.50077057
Slovenia,SVN,2004,24.99099922
Slovenia,SVN,2005,26.16500092
Slovenia,SVN,2006,25.71324921
Slovenia,SVN,2007,25.03525925
Slovenia,SVN,2008,26.50642014
Slovenia,SVN,2009,25.27030945
Slovenia,SVN,2010,27.98749924
Slovenia,SVN,2011,27.31675911
Slovenia,SVN,2012,29.47987938
Slovenia,SVN,2013,
Slovenia,SVN,2014,
South Africa,ZAF,2012,40.45597839
South Africa,ZAF,2013,41.10718918
South Korea,KOR,1998,30.96816063
South Korea,KOR,1999,30.32510948
South Korea,KOR,2000,31.77705956
South Korea,KOR,2001,31.89443016
South Korea,KOR,2002,33.17105865
South Korea,KOR,2003,31.31801987
South Korea,KOR,2004,29.06819916
South Korea,KOR,2005,29.01036072
South Korea,KOR,2006,27.40518951
South Korea,KOR,2007,26.06249046
South Korea,KOR,2008,26.00387001
South Korea,KOR,2009,27.54120064
South Korea,KOR,2011,27.02778053
South Korea,KOR,2012,27.41893959
South Korea,KOR,2015,27.77017975
Spain,ESP,1999,32.22359848
Spain,ESP,2000,31.5058403
Spain,ESP,2001,31.30450058
Spain,ESP,2002,30.83300018
Spain,ESP,2003,30.42557907
Spain,ESP,2004,30.28828049
Spain,ESP,2005,29.5792408
Spain,ESP,2006,29.97706985
Spain,ESP,2007,29.91288948
Spain,ESP,2008,30.17808914
Spain,ESP,2009,30.42028046
Spain,ESP,2010,30.29777908
Spain,ESP,2011,30.29384041
Spain,ESP,2012,30.88916016
Spain,ESP,2013,
Spain,ESP,2014,28.88769913
Sri Lanka,LKA,2010,38.67644119
Sri Lanka,LKA,2011,38.24935913
Sri Lanka,LKA,2012,40.90304947
Sri Lanka,LKA,2013,40.18748093
Sri Lanka,LKA,2014,40.55754089
Sudan,SDN,2012,42.41318893
Sudan,SDN,2013,37.92729187
Sweden,SWE,1999,28.64353943
Sweden,SWE,2000,32.08172989
Sweden,SWE,2001,33.49876022
Sweden,SWE,2002,34.60161972
Sweden,SWE,2003,34.20721054
Sweden,SWE,2004,33.84785843
Sweden,SWE,2005,33.75090027
Sweden,SWE,2006,34.39337158
Sweden,SWE,2007,33.1470108
Sweden,SWE,2008,33.42406082
Sweden,SWE,2009,32.60562134
Sweden,SWE,2010,34.11400986
Sweden,SWE,2011,32.72101974
Sweden,SWE,2012,32.29801178
Sweden,SWE,2013,32.15393066
Sweden,SWE,2014,
Switzerland,CHE,1999,13.13770008
Switzerland,CHE,2000,14.19095993
Switzerland,CHE,2001,14.5802002
Switzerland,CHE,2002,15.36919022
Switzerland,CHE,2003,14.64381981
Switzerland,CHE,2004,16.12804985
Switzerland,CHE,2005,16.79704094
Switzerland,CHE,2006,18.26137924
Switzerland,CHE,2007,17.88409996
Switzerland,CHE,2008,19.36768913
Switzerland,CHE,2009,19.59296036
Switzerland,CHE,2010,19.48476982
Switzerland,CHE,2011,19.74596024
Switzerland,CHE,2012,
Switzerland,CHE,2013,20.58350945
Switzerland,CHE,2014,20.93556023
Syria,SYR,2013,42.30989075
Trinidad and Tobago,TTO,1999,42.5619812
Trinidad and Tobago,TTO,2000,38.84757996
Trinidad and Tobago,TTO,2001,43.27484894
Trinidad and Tobago,TTO,2002,42.34801102
Trinidad and Tobago,TTO,2004,37.82382965
Tunisia,TUN,2012,42.86687088
Tunisia,TUN,2013,54.9249115
Tunisia,TUN,2014,54.90243912
Turkey,TUR,1999,29.85001945
Turkey,TUR,2000,31.08468056
Turkey,TUR,2001,31.17933083
Turkey,TUR,2002,30.41043091
Turkey,TUR,2003,31.38048935
Turkey,TUR,2004,30.40827942
Turkey,TUR,2005,28.54302979
Turkey,TUR,2006,29.7682209
Turkey,TUR,2007,31.11521912
Turkey,TUR,2008,30.64497948
Turkey,TUR,2009,30.15880966
Turkey,TUR,2010,31.16045952
Turkey,TUR,2011,32.91577911
Turkey,TUR,2012,34.38940048
Turkey,TUR,2013,
Turkey,TUR,2014,34.61642838
Uganda,UGA,1999,26.29504967
Uganda,UGA,2000,16.81796074
Uganda,UGA,2004,21.76499939
Ukraine,UKR,2012,30.08639908
Ukraine,UKR,2013,31.78936005
Ukraine,UKR,2014,29.35497093
United Arab Emirates,ARE,2011,41.60776138
United Arab Emirates,ARE,2012,45.80165863
United Arab Emirates,ARE,2013,41.48223877
United Arab Emirates,ARE,2014,39.57476044
United Kingdom,GBR,1999,29.57123947
United Kingdom,GBR,2000,32.31278992
United Kingdom,GBR,2001,32.68729019
United Kingdom,GBR,2002,32.95700836
United Kingdom,GBR,2003,34.37932968
United Kingdom,GBR,2004,31.22370911
United Kingdom,GBR,2005,30.76708031
United Kingdom,GBR,2006,30.77017021
United Kingdom,GBR,2007,31.10083961
United Kingdom,GBR,2008,31.20533943
United Kingdom,GBR,2009,30.85965919
United Kingdom,GBR,2010,30.09781075
United Kingdom,GBR,2011,30.24725914
United Kingdom,GBR,2012,30.5577507
United Kingdom,GBR,2013,37.30736923
United Kingdom,GBR,2014,37.90367126
United States,USA,1999,30.48134995
United States,USA,2000,31.81480026
United States,USA,2001,31.88592911
United States,USA,2002,32.08443069
United States,USA,2003,31.89291954
United States,USA,2004,30.80091095
United States,USA,2005,31.09575081
United States,USA,2006,31.32723045
United States,USA,2007,31.00843048
United States,USA,2008,30.94573975
United States,USA,2009,30.89814949
United States,USA,2010,30.90689087
United States,USA,2011,30.38758087
United States,USA,2012,30.39072037
United States,USA,2013,31.00152969
United States,USA,2014,31.25645065
Uruguay,URY,2006,41.26678848
Uruguay,URY,2007,49.47367859
Uruguay,URY,2008,47.80316162
Uruguay,URY,2009,44.56613159
Uruguay,URY,2010,44.31238937
Uzbekistan,UZB,2006,25.30754089
Uzbekistan,UZB,2007,24.85685921
Uzbekistan,UZB,2008,23.60227966
Uzbekistan,UZB,2009,23.90307045
Uzbekistan,UZB,2010,25.62343025
Uzbekistan,UZB,2011,28.11886978
Venezuela,VEN,2000,42.80570984
Vietnam,VNM,2005,19.99175072
Vietnam,VNM,2007,24.25650024
Vietnam,VNM,2008,22.42930031
Vietnam,VNM,2009,24.33625031
Vietnam,VNM,2010,23.48510933
Vietnam,VNM,2012,25.24752998
Vietnam,VNM,2013,31.04920959
Vietnam,VNM,2014,35.06877899
Zimbabwe,ZWE,2010,19.36121941
Zimbabwe,ZWE,2011,26.83864021
Zimbabwe,ZWE,2012,26.97084045
Zimbabwe,ZWE,2013,30.03992081